universe,day,t,rules,session,at,level,entry_type,entry,limit,stop,R,shares,spread,filled,fill_at,fill,kinds,gross_r,cost_r,net_r,net_r_short
A,2024-01-03,AVXL,ORIGINAL,REGULAR,11:05,6.79,LMT,6.84,6.84,6.44,0.4,250,0.01,True,11:08,6.84,time,-0.102,0.0425,-0.1445,0.0595
A,2024-01-05,GENI,ORIGINAL,REGULAR,14:20,5.575,LMT,5.625,5.625,5.42,0.205,487,0.01,True,14:20,5.625,time,0.0244,0.0829,-0.0585,-0.1073
A,2024-01-17,PCT,ORIGINAL,REGULAR,11:05,2.97,LMT,3.02,3.02,2.82,0.2,500,0.01,False,,,,0,0,0,0
A,2024-01-23,CHRS,ORIGINAL,PREMARKET,07:05,2.57,LMT,2.62,2.62,2.42,0.2,500,0.01,True,07:06,2.62,time,0.1985,0.085,0.1135,-0.2835
A,2024-02-01,PLUG,ORIGINAL,PREMARKET,07:40,5.08,LMT,5.13,5.13,4.81,0.32,312,0.01,True,07:40,5.13,stop,-1.0,0.0531,-1.0531,0.2437
A,2024-02-08,GOLD,ORIGINAL,REGULAR,12:20,26.39,LMT,26.44,26.44,26.18,0.26,384,0.05,True,12:20,26.44,time,-0.0385,0.2192,-0.2577,-0.1808
A,2024-02-14,SMTC,ORIGINAL,REGULAR,14:35,20.09,LMT,20.14,20.14,19.81,0.33,303,0.04,True,15:47,20.14,eod,0.303,0.1424,0.1606,-0.4455
B,2024-02-15,TRUP,IMPROVED,REGULAR,15:59,34.335,STP_LMT,34.335,34.5167,34.1533,0.1817,521,0.01,False,,,,0,0,0,0
A,2024-02-22,CNX,ORIGINAL,REGULAR,14:25,20.86,LMT,20.91,20.91,20.54,0.37,270,0.01,True,14:25,20.91,time,-0.5405,0.0459,-0.5865,0.4946
A,2024-02-23,NVAX,ORIGINAL,PREMARKET,08:05,5.04,LMT,5.09,5.09,4.74,0.35,285,0.05,True,08:05,5.09,time,-0.2286,0.1629,-0.3914,0.0657
A,2024-02-23,STEM,ORIGINAL,REGULAR,13:45,2.735,LMT,2.785,2.785,2.585,0.2,500,0.01,True,13:45,2.785,time,-0.45,0.085,-0.535,0.365
A,2024-02-23,AAOI,ORIGINAL,PREMARKET,08:40,14,LMT,14.05,14.05,11.9457,2.1043,47,0.02,True,08:48,14.05,time,-0.5785,0.0166,-0.5951,0.5619
A,2024-02-26,LMND,ORIGINAL,REGULAR,12:40,19.385,LMT,19.435,19.435,19.13,0.305,327,0.03,False,,,,0,0,0,0
A,2024-02-29,IONQ,ORIGINAL,PREMARKET,09:05,11,LMT,11.05,11.05,10.14,0.91,109,0.01,True,09:05,11.05,time,-0.1503,0.0187,-0.169,0.1316
B,2024-03-01,RILY,IMPROVED,REGULAR,15:32,16.28,STP_LMT,16.28,16.4762,16.0838,0.1962,484,0.01,False,,,,0,0,0,0
A,2024-03-04,RILY,ORIGINAL,REGULAR,11:30,18.27,LMT,18.32,18.32,17.91,0.41,243,0.03,False,,,,0,0,0,0
A,2024-03-14,ENVX,ORIGINAL,PREMARKET,08:15,8.18,LMT,8.23,8.23,7.87,0.36,277,0.02,True,08:16,8.23,time,-0.1944,0.075,-0.2694,0.1194
A,2024-04-03,BMEA,ORIGINAL,REGULAR,14:05,13.63,LMT,13.68,13.68,13.46,0.22,454,0.03,True,14:17,13.68,time,0.5,0.1682,0.3318,-0.6682
A,2024-04-11,LOVE,ORIGINAL,REGULAR,13:25,20.49,LMT,20.54,20.54,20.12,0.42,238,0.05,True,13:35,20.54,stop,-1.0,0.1357,-1.1357,0.5786
A,2024-04-25,RILY,ORIGINAL,REGULAR,13:35,31.76,LMT,31.81,31.81,30.94,0.87,114,0.04,False,,,,0,0,0,0
B,2024-05-01,CABA,IMPROVED,REGULAR,15:58,10.89,STP_LMT,10.89,10.9993,10.7807,0.1093,838,0.01,False,,,,0,0,0,0
A,2024-05-02,LMND,ORIGINAL,REGULAR,14:50,17.85,LMT,17.9,17.9,17.36,0.54,185,0.01,True,14:50,17.9,time,-0.3889,0.0315,-0.4204,0.3574
A,2024-05-06,AMC,ORIGINAL,REGULAR,13:20,3.26,LMT,3.31,3.31,3.11,0.2,500,0.01,True,13:20,3.31,time,0.4,0.085,0.315,-0.485
A,2024-05-08,UPST,ORIGINAL,REGULAR,13:55,22.52,LMT,22.57,22.57,22.01,0.56,178,0.01,True,15:08,22.57,eod,0.9643,0.0304,0.9339,-0.9946
A,2024-05-09,GENI,ORIGINAL,REGULAR,10:50,5.511,LMT,5.561,5.561,5.2081,0.3529,283,0.01,True,10:50,5.561,time,-0.0737,0.0482,-0.1218,0.0255
A,2024-05-09,EDIT,ORIGINAL,REGULAR,13:45,5.47,LMT,5.52,5.52,5.31,0.21,476,0.01,True,13:45,5.52,time,0.0,0.081,-0.081,-0.081
A,2024-05-10,ABR,ORIGINAL,REGULAR,14:50,12.98,LMT,13.03,13.03,12.7909,0.2391,418,0.01,True,14:50,13.03,time,0.2719,0.0711,0.2008,-0.343
A,2024-05-13,NVAX,ORIGINAL,REGULAR,11:00,12.09,LMT,12.14,12.14,11.21,0.93,107,0.01,True,11:34,12.14,time,0.5645,0.0183,0.5462,-0.5828
A,2024-05-14,BLNK,ORIGINAL,PREMARKET,09:10,3.26,LMT,3.31,3.31,3.01,0.3,333,0.01,True,09:10,3.31,time,0.2283,0.0567,0.1717,-0.285
A,2024-05-24,GENI,ORIGINAL,REGULAR,11:10,5.16,LMT,5.21,5.21,5.01,0.2,500,0.01,True,11:12,5.21,time,0.125,0.085,0.04,-0.21
A,2024-05-31,KSS,ORIGINAL,REGULAR,13:15,22.2,LMT,22.25,22.25,21.96,0.29,344,0.01,False,,,,0,0,0,0
A,2024-06-04,GME,ORIGINAL,REGULAR,11:15,27.29,LMT,27.34,27.34,26.22,1.12,89,0.03,True,11:16,27.34,stop,-1.0,0.0338,-1.0338,0.686
A,2024-06-04,GME,IMPROVED,REGULAR,10:27,27.26,STP_LMT,27.26,28.1073,26.4127,0.8473,113,0.03,True,10:27,27.26,stop/stop,-1.0,0.05,-1.05,0.6923
A,2024-06-04,GME,IMPROVED,PREMARKET,08:01,31,STP_LMT,31,31.8473,30.1527,0.8473,111,0.05,True,08:01,31,stop/stop,-1.0,0.0739,-1.0739,-1.0739
A,2024-06-05,BTBT,ORIGINAL,PREMARKET,08:05,2.87,LMT,2.92,2.92,2.72,0.2,500,0.03,True,08:05,2.92,time,-0.2,0.185,-0.385,0.015
A,2024-06-07,MBLY,ORIGINAL,REGULAR,12:20,30.71,LMT,30.76,30.76,29.97,0.79,126,0.03,True,12:31,30.76,time,-0.6835,0.0468,-0.7304,0.6367
B,2024-06-07,BMEA,ORIGINAL,PREMARKET,08:05,4.91,LMT,4.96,4.96,4.25,0.71,140,0.05,True,08:05,4.96,stop,-1.0,0.0803,-1.0803,1.3704
A,2024-06-17,LMND,ORIGINAL,REGULAR,12:30,14.49,LMT,14.54,14.54,14.29,0.25,400,0.02,True,12:45,14.54,time,0.44,0.108,0.332,-0.548
A,2024-06-21,AEHR,ORIGINAL,REGULAR,13:15,10.7695,LMT,10.8195,10.8195,10.52,0.2995,333,0.02,True,13:15,10.8195,time,-0.3656,0.0902,-0.4558,0.2755
A,2024-06-24,TGTX,ORIGINAL,REGULAR,11:05,18.04,LMT,18.09,18.09,17.81,0.28,357,0.02,True,11:05,18.09,time,0.0,0.0964,-0.0964,-0.0964
A,2024-06-25,EOSE,ORIGINAL,REGULAR,13:50,1.2,LMT,1.25,1.25,1.05,0.2,500,0.01,True,13:50,1.25,time,0.125,0.085,0.04,-0.21
A,2024-06-27,SEDG,ORIGINAL,REGULAR,13:55,25.51,LMT,25.56,25.56,25.13,0.43,232,0.05,True,14:40,25.56,time,0.0372,0.1326,-0.0953,-0.1698
A,2024-07-01,ARQT,ORIGINAL,REGULAR,11:40,9.662,LMT,9.712,9.712,9.41,0.302,331,0.02,True,11:40,9.712,time,-0.3543,0.0894,-0.4437,0.2649
A,2024-07-01,CMND,ORIGINAL,REGULAR,14:30,1.7399,LMT,1.7899,1.7899,1.5899,0.2,500,0.01,True,14:30,1.7899,time,-0.0245,0.085,-0.1095,-0.0605
A,2024-07-02,SPWR,ORIGINAL,REGULAR,12:20,1.39,LMT,1.44,1.44,1.22,0.22,454,0.01,True,12:20,1.44,time,-0.1136,0.0773,-0.1909,0.0364
B,2024-07-09,RILY,IMPROVED,REGULAR,15:59,15.04,STP_LMT,15.04,15.1781,14.9019,0.1381,675,0.01,False,,,,0,0,0,0
A,2024-07-12,PACB,ORIGINAL,REGULAR,14:15,1.6497,LMT,1.6997,1.6997,1.4997,0.2,500,0.01,True,14:15,1.6997,time,-0.0985,0.085,-0.1835,0.0135
A,2024-07-15,ABR,ORIGINAL,REGULAR,11:10,12.95,LMT,13.0,13.0,12.67,0.33,303,0.01,True,11:13,13.0,time,0.3788,0.0515,0.3273,-0.4303
B,2024-07-15,AEHR,IMPROVED,REGULAR,15:12,16.4,STP_LMT,16.4,16.5041,16.2959,0.1041,876,0.01,True,15:44,16.5041,stop/stop,-1.0,0.1633,-1.1633,0.8847
A,2024-07-16,MARA,IMPROVED,REGULAR,09:39,24.83,STP_LMT,24.83,24.9928,24.6672,0.1628,578,0.01,True,09:39,24.83,stop/stop,-1.0,0.1044,-1.1044,-1.1044
A,2024-07-16,RIOT,ORIGINAL,PREMARKET,07:30,11.47,LMT,11.52,11.52,11.25,0.27,370,0.01,True,07:30,11.52,stop,-1.0,0.063,-1.063,-1.063
A,2024-07-22,PLUG,ORIGINAL,PREMARKET,07:00,2.55,LMT,2.6,2.6,2.4,0.2,500,0.01,True,07:00,2.6,time,-0.25,0.085,-0.335,0.165
A,2024-07-25,CMG,ORIGINAL,REGULAR,13:15,51.11,LMT,51.16,51.16,50.34,0.82,121,0.02,True,13:51,51.16,time,-0.0854,0.0329,-0.1183,0.0524
A,2024-07-31,NVAX,ORIGINAL,REGULAR,14:45,12.745,LMT,12.795,12.795,12.41,0.385,259,0.02,True,15:31,12.795,eod,0.013,0.0701,-0.0571,-0.0831
A,2024-08-02,ENVX,ORIGINAL,REGULAR,11:35,11.36,LMT,11.41,11.41,10.999,0.411,243,0.02,True,11:35,11.41,time,1.0706,0.0657,1.0049,-1.0657
A,2024-08-08,HRTX,ORIGINAL,REGULAR,14:25,2.15,LMT,2.2,2.2,2.0,0.2,500,0.01,True,14:25,2.2,time,-0.25,0.085,-0.335,0.165
A,2024-08-09,BYND,ORIGINAL,REGULAR,13:30,6.6076,LMT,6.6576,6.6576,6.165,0.4926,203,0.01,True,14:26,6.6576,time,-0.056,0.0345,-0.0905,0.0215
A,2024-09-11,ALT,ORIGINAL,REGULAR,12:40,6.95,LMT,7.0,7.0,6.76,0.24,416,0.02,True,15:40,7.0,eod,0.7917,0.1125,0.6792,-0.9042
A,2024-09-12,PCT,ORIGINAL,REGULAR,13:55,7.73,LMT,7.78,7.78,7.35,0.43,232,0.01,True,13:55,7.78,time,-0.1395,0.0395,-0.1791,0.1
A,2024-09-12,PLCE,ORIGINAL,REGULAR,12:20,10.89,LMT,10.94,10.94,10.2,0.74,135,0.05,False,,,,0,0,0,0
A,2024-09-12,UPC,ORIGINAL,PREMARKET,08:10,3,LMT,3.05,3.05,2.85,0.2,500,0.02,True,08:12,3.05,time,-0.3,0.135,-0.435,0.165
A,2024-09-17,UPST,ORIGINAL,REGULAR,13:55,36.45,LMT,36.5,36.5,35.73,0.77,129,0.02,False,,,,0,0,0,0
A,2024-09-18,CRSP,ORIGINAL,REGULAR,11:10,50.8799,LMT,50.9299,50.9299,50.35,0.5799,172,0.04,True,11:10,50.9299,stop,-1.0,0.081,-1.081,2.0301
A,2024-09-23,BYND,ORIGINAL,REGULAR,11:15,6.39,LMT,6.44,6.44,6.198,0.242,413,0.01,True,11:15,6.44,time,0.1033,0.0702,0.0331,-0.1736
A,2024-09-25,CAPR,ORIGINAL,REGULAR,14:20,12.37,LMT,12.42,12.42,11.83,0.59,169,0.04,True,14:25,12.42,stop,-1.0,0.0797,-1.0797,1.4288
B,2024-09-25,CAPR,ORIGINAL,REGULAR,14:20,12.37,LMT,12.42,12.42,11.83,0.59,169,0.04,True,14:25,12.42,stop,-1.0,0.0797,-1.0797,1.4288
A,2024-09-27,BMEA,ORIGINAL,PREMARKET,09:20,11.2,LMT,11.25,11.25,10.55,0.7,142,0.04,True,09:24,11.25,stop,-1.0,0.0671,-1.0671,-1.0671
B,2024-09-27,BMEA,ORIGINAL,PREMARKET,09:20,11.2,LMT,11.25,11.25,10.55,0.7,142,0.04,True,09:24,11.25,stop,-1.0,0.0671,-1.0671,-1.0671
A,2024-09-30,IMNM,ORIGINAL,REGULAR,11:20,14.747,LMT,14.797,14.797,14.46,0.337,296,0.02,True,11:23,14.797,time,-0.7033,0.0801,-0.7834,0.6231
A,2024-10-03,ENVX,ORIGINAL,REGULAR,13:40,10.225,LMT,10.275,10.275,10.075,0.2,500,0.01,True,13:40,10.275,time,0.625,0.085,0.54,-0.71
A,2024-10-03,NVAX,ORIGINAL,REGULAR,11:40,14.82,LMT,14.87,14.87,14.41,0.46,217,0.02,True,11:40,14.87,time,-0.087,0.0587,-0.1457,0.0283
A,2024-10-04,CHRS,ORIGINAL,REGULAR,11:50,1.04,LMT,1.09,1.09,0.89,0.2,500,0.01,True,11:50,1.09,time,-0.1,0.085,-0.185,0.015
A,2024-10-15,MARA,ORIGINAL,PREMARKET,09:20,17.15,LMT,17.2,17.2,16.81,0.39,256,0.01,True,09:20,17.2,stop,-1.0,0.0436,-1.0436,-1.0436
A,2024-10-15,MARA,IMPROVED,PREMARKET,09:17,17.15,STP_LMT,17.15,17.2598,17.0402,0.1098,834,0.01,True,09:17,17.168,stop/stop,-1.1658,0.1548,-1.3206,0.3452
A,2024-10-17,NVAX,IMPROVED,REGULAR,09:52,10.17,STP_LMT,10.17,10.2924,10.0476,0.1224,755,0.01,True,09:52,10.17,stop/stop,-1.0,0.1389,-1.1389,0.3591
A,2024-10-22,TARS,ORIGINAL,REGULAR,12:25,36.82,LMT,36.87,36.87,36.54,0.33,303,0.03,True,12:37,36.87,target/trail,2.0456,0.1121,1.9335,-1.1121
A,2024-11-01,AVXL,ORIGINAL,REGULAR,14:30,6.84,LMT,6.89,6.89,6.64,0.25,400,0.02,True,14:30,6.89,time,-0.06,0.108,-0.168,-0.048
A,2024-11-05,CHPT,ORIGINAL,REGULAR,13:40,1.35,LMT,1.4,1.4,1.2,0.2,500,0.01,True,13:40,1.4,time,-0.05,0.085,-0.135,-0.035
A,2024-11-05,EDIT,ORIGINAL,REGULAR,12:55,2.995,LMT,3.045,3.045,2.845,0.2,500,0.01,False,,,,0,0,0,0
A,2024-11-07,EOSE,ORIGINAL,PREMARKET,08:05,2.54,LMT,2.59,2.59,2.35,0.24,416,0.02,True,08:13,2.59,time,-0.0417,0.1125,-0.1542,-0.0708
A,2024-11-07,SEDG,ORIGINAL,PREMARKET,07:30,12.2,LMT,12.25,12.25,11.6,0.65,153,0.01,True,07:33,12.25,time,0.0615,0.0262,0.0354,-0.0877
A,2024-11-08,AAOI,ORIGINAL,REGULAR,12:50,25.17,LMT,25.22,25.22,23.86,1.36,73,0.05,False,,,,0,0,0,0
A,2024-11-11,BLNK,ORIGINAL,REGULAR,14:05,1.85,LMT,1.9,1.9,1.7,0.2,500,0.01,True,14:05,1.9,time,-0.4,0.085,-0.485,0.315
A,2024-11-12,MARA,ORIGINAL,REGULAR,13:35,24.59,LMT,24.64,24.64,24.04,0.6,166,0.01,False,,,,0,0,0,0
A,2024-11-13,GENI,ORIGINAL,REGULAR,10:45,9.88,LMT,9.93,9.93,9.685,0.245,408,0.01,True,10:52,9.93,time,0.3061,0.0694,0.2367,-0.3755
A,2024-11-13,ALT,ORIGINAL,REGULAR,10:35,10.5,LMT,10.55,10.55,10.04,0.51,196,0.03,True,11:01,10.55,stop,-1.0,0.0725,-1.0725,1.0843
A,2024-11-15,OMER,ORIGINAL,REGULAR,12:05,7.058,LMT,7.108,7.108,6.72,0.388,257,0.02,True,12:05,7.108,time,-0.4588,0.0696,-0.5284,0.3892
A,2024-11-15,OMER,ORIGINAL,PREMARKET,09:05,6.9799,LMT,7.0299,7.0299,6.75,0.2799,357,0.01,True,09:05,7.0299,stop,-1.0,0.0607,-1.0607,0.2605
A,2024-11-19,ABR,ORIGINAL,REGULAR,12:00,14.8,LMT,14.85,14.85,14.65,0.2,500,0.01,True,12:03,14.85,time,-0.0835,0.085,-0.1685,-0.0015
A,2024-11-21,CHRS,ORIGINAL,PREMARKET,08:20,1.07,LMT,1.12,1.12,0.9101,0.2099,476,0.03,True,08:20,1.12,time,-0.1906,0.1763,-0.3668,0.0143
A,2024-12-03,ENVX,ORIGINAL,REGULAR,11:10,10.15,LMT,10.2,10.2,9.92,0.28,357,0.01,True,11:10,10.2,time,-0.5536,0.0607,-0.6143,0.4929
A,2024-12-03,SMCI,IMPROVED,REGULAR,09:54,44.98,STP_LMT,44.98,45.4257,44.5343,0.4457,210,0.03,True,09:54,44.98,target/stop,0.5,0.083,0.417,-1.083
A,2024-12-03,SMCI,IMPROVED,PREMARKET,08:00,45.9,STP_LMT,45.9,46.3457,45.4543,0.4457,210,0.03,True,08:00,45.9,stop/stop,-3.3879,0.083,-3.4709,6.7505
A,2024-12-09,GXAI,ORIGINAL,REGULAR,11:40,4.14,LMT,4.19,4.19,3.71,0.48,208,0.01,True,15:53,4.19,eod,-0.2708,0.0354,-0.3063,0.2354
B,2024-12-16,AEHR,ORIGINAL,REGULAR,12:35,14.53,LMT,14.58,14.58,13.97,0.61,163,0.03,True,12:35,14.58,time,0.3148,0.0607,0.2541,-0.3754
A,2024-12-17,ENVX,ORIGINAL,REGULAR,14:50,8.64,LMT,8.69,8.69,8.425,0.265,377,0.01,True,14:55,8.69,time,0.1321,0.0642,0.0679,-0.1962
A,2024-12-17,ENVX,ORIGINAL,PREMARKET,08:05,8.46,LMT,8.51,8.51,8.24,0.27,370,0.05,True,08:07,8.51,stop,-1.0,0.2111,-1.2111,0.7148
A,2024-12-18,SEDG,ORIGINAL,REGULAR,11:35,15.71,LMT,15.76,15.76,15.2,0.56,178,0.02,True,11:36,15.76,time,0.125,0.0482,0.0768,-0.1732
A,2024-12-19,EOSE,ORIGINAL,PREMARKET,09:00,4.2399,LMT,4.2899,4.2899,4.0,0.2899,344,0.01,True,09:00,4.2899,time,0.2763,0.0586,0.2177,-0.3349
A,2024-12-26,JTAI,ORIGINAL,REGULAR,12:55,5.9,LMT,5.95,5.95,5.52,0.43,232,0.05,True,12:56,5.95,time,0.4884,0.1326,0.3558,-1.1326
A,2024-12-27,MVIS,ORIGINAL,PREMARKET,06:35,1.62,LMT,1.67,1.67,1.47,0.2,500,0.02,True,06:35,1.67,time,-0.1,0.135,-0.235,-0.035
A,2024-12-27,LAES,ORIGINAL,PREMARKET,07:50,9.7,LMT,9.75,9.75,9.39,0.36,277,0.01,True,07:53,9.75,stop,-1.0,0.0472,-1.0472,0.9492
A,2024-12-27,HOLO,ORIGINAL,REGULAR,11:25,2.1,LMT,2.15,2.15,1.82,0.33,303,0.01,True,11:25,2.15,time,0.0303,0.0515,-0.0212,-0.0818
A,2024-12-27,HOLO,ORIGINAL,PREMARKET,05:25,1.61,LMT,1.66,1.66,1.45,0.21,476,0.03,True,06:05,1.66,time,-0.2381,0.1762,-0.4143,0.0619
A,2025-01-07,SPRC,ORIGINAL,PREMARKET,07:30,1.12,LMT,1.17,1.17,0.84,0.33,303,0.01,True,07:33,1.17,time,-0.3333,0.0515,-0.3848,0.2818
A,2025-01-15,APLD,ORIGINAL,PREMARKET,08:35,8.35,LMT,8.4,8.4,7.91,0.49,204,0.03,True,08:39,8.4,time,-0.2122,0.0755,-0.2878,0.1367
A,2025-01-21,MARA,ORIGINAL,PREMARKET,07:20,19.93,LMT,19.98,19.98,19.63,0.35,285,0.02,True,08:00,19.98,stop,-1.0,0.0771,-1.0771,-0.6771
A,2025-01-21,MARA,IMPROVED,PREMARKET,05:41,19.85,STP_LMT,19.85,19.9962,19.7038,0.1462,640,0.01,True,05:41,19.85,stop/stop,-1.0,0.1163,-1.1163,-1.1163
A,2025-01-22,PHAT,ORIGINAL,REGULAR,14:50,7.0161,LMT,7.0661,7.0661,6.84,0.2261,442,0.02,True,14:51,7.0661,time,-0.5046,0.1194,-0.6241,0.3852
A,2025-01-23,RUN,ORIGINAL,REGULAR,12:40,8.7099,LMT,8.7599,8.7599,8.54,0.2199,454,0.01,True,12:40,8.7599,target/eod,2.2963,0.0773,2.219,-1.0773
A,2025-01-28,HOLO,ORIGINAL,PREMARKET,07:20,2.09,LMT,2.14,2.14,1.82,0.32,312,0.01,True,07:20,2.14,stop,-1.0,0.0531,-1.0531,0.6344
A,2025-02-10,CLSK,IMPROVED,REGULAR,10:23,11.435,STP_LMT,11.435,11.5374,11.3326,0.1024,889,0.01,True,10:23,11.435,stop/stop,-1.0,0.166,-1.166,2.3238
A,2025-02-18,EDIT,ORIGINAL,REGULAR,12:50,1.695,LMT,1.745,1.745,1.545,0.2,500,0.01,True,12:50,1.745,time,-0.55,0.085,-0.635,0.465
A,2025-02-19,SEDG,ORIGINAL,PREMARKET,08:50,20.9,LMT,20.95,20.95,18.7,2.25,44,0.05,True,09:50,20.95,time,-0.1956,0.0293,-0.2248,0.1663
A,2025-02-19,SOBR,ORIGINAL,REGULAR,14:05,1,LMT,1.05,1.05,0.85,0.2,500,0.01,True,14:05,1.05,time,-0.265,0.085,-0.35,0.18
A,2025-02-20,ENVX,ORIGINAL,REGULAR,14:05,11.03,LMT,11.08,11.08,10.755,0.325,307,0.01,True,14:19,11.08,time,0.4615,0.0523,0.4092,-0.5138
A,2025-02-20,CRDF,ORIGINAL,REGULAR,14:20,4.78,LMT,4.83,4.83,4.35,0.48,208,0.01,True,14:20,4.83,time,-0.2706,0.0354,-0.306,0.2352
B,2025-02-24,RILY,ORIGINAL,REGULAR,12:30,4.8299,LMT,4.8799,4.8799,4.22,0.6599,151,0.01,True,12:31,4.8799,time,-0.649,0.0258,-0.6748,0.6233
B,2025-02-26,RILY,ORIGINAL,REGULAR,11:55,4.95,LMT,5.0,5.0,4.67,0.33,303,0.01,False,,,,0,0,0,0
A,2025-02-27,HRTX,ORIGINAL,REGULAR,12:15,2.07,LMT,2.12,2.12,1.92,0.2,500,0.01,True,12:15,2.12,time,0.025,0.085,-0.06,-0.11
A,2025-02-27,LMND,ORIGINAL,REGULAR,11:25,35.12,LMT,35.17,35.17,33.68,1.49,67,0.05,True,15:16,35.17,eod,0.2148,0.0406,0.1742,-0.2553
A,2025-02-28,ALT,ORIGINAL,REGULAR,14:55,6.43,LMT,6.48,6.48,6.26,0.22,454,0.01,True,15:12,6.48,eod,0.8636,0.0773,0.7864,-0.9409
A,2025-02-28,MARA,ORIGINAL,REGULAR,15:00,13.7599,LMT,13.8099,13.8099,13.285,0.5249,190,0.01,True,15:21,13.8099,eod,0.2479,0.0324,0.2155,-0.2802
A,2025-02-28,MARA,ORIGINAL,PREMARKET,08:00,12.75,LMT,12.8,12.8,12.5,0.3,333,0.01,True,08:00,12.8,stop,-1.0,0.0567,-1.0567,0.9403
A,2025-02-28,MARA,IMPROVED,PREMARKET,07:25,12.74,STP_LMT,12.74,12.8463,12.6337,0.1063,859,0.01,True,07:25,12.74,stop/stop,-1.0,0.1599,-1.1599,0.3383
A,2025-03-11,PCT,ORIGINAL,REGULAR,14:55,7.48,LMT,7.53,7.53,7.14,0.39,256,0.02,True,15:02,7.53,eod,-0.3205,0.0692,-0.3897,0.2513
A,2025-03-14,QBTS,ORIGINAL,PREMARKET,08:05,7.52,LMT,7.57,7.57,7.3,0.27,370,0.01,True,08:05,7.57,time,0.4441,0.063,0.3811,-0.507
A,2025-03-14,QMCO,ORIGINAL,PREMARKET,07:20,16.54,LMT,16.59,16.59,16.11,0.48,208,0.01,True,07:20,16.59,stop,-1.0,0.0354,-1.0354,1.3187
A,2025-03-17,PLCE,ORIGINAL,REGULAR,14:15,9.12,LMT,9.17,9.17,8.95,0.22,454,0.04,True,14:18,9.17,time,-0.8182,0.2136,-1.0318,0.6045
A,2025-03-19,ADTX,ORIGINAL,REGULAR,11:05,9.95,LMT,10.0,10.0,8.15,1.85,54,0.04,True,11:44,10.0,time,-0.0541,0.0286,-0.0827,0.0254
A,2025-03-19,ADTX,ORIGINAL,PREMARKET,08:40,8.2,LMT,8.25,8.25,7.308,0.942,106,0.03,True,08:41,8.25,target/vwap,1.1061,0.0426,1.0635,-1.0393
B,2025-03-19,SPCE,ORIGINAL,REGULAR,15:00,4.33,LMT,4.38,4.38,4.165,0.215,465,0.01,True,15:00,4.38,eod,-0.1907,0.0791,-0.2698,0.1116
A,2025-04-01,ASPI,ORIGINAL,REGULAR,11:10,4.74,LMT,4.79,4.79,4.34,0.45,222,0.02,True,14:18,4.79,time,-0.2667,0.06,-0.3267,0.2067
A,2025-04-03,NVAX,ORIGINAL,REGULAR,12:20,5.605,LMT,5.655,5.655,5.38,0.275,363,0.01,True,15:44,5.655,eod,-0.2364,0.0618,-0.2982,0.1745
A,2025-04-07,NOG,ORIGINAL,REGULAR,10:25,22.465,LMT,22.515,22.515,22.315,0.2,500,0.02,True,10:36,22.515,stop,-1.0,0.135,-1.135,-1.135
A,2025-04-09,SEDG,ORIGINAL,REGULAR,13:25,12.28,LMT,12.33,12.33,12.09,0.24,416,0.04,False,,,,0,0,0,0
A,2025-04-16,APLD,ORIGINAL,REGULAR,11:30,3.74,LMT,3.79,3.79,3.58,0.21,476,0.01,True,11:30,3.79,time,0.1667,0.081,0.0857,-0.2476
A,2025-05-02,ENVX,ORIGINAL,REGULAR,12:10,6.605,LMT,6.655,6.655,6.33,0.325,307,0.01,True,12:10,6.655,time,-0.7077,0.0523,-0.76,0.6554
B,2025-05-06,GENI,ORIGINAL,REGULAR,13:15,9.905,LMT,9.955,9.955,9.65,0.305,327,0.01,True,13:15,9.955,time,0.0164,0.0557,-0.0393,-0.0721
A,2025-05-08,EOSE,ORIGINAL,PREMARKET,06:40,6.54,LMT,6.59,6.59,6.39,0.2,500,0.02,True,06:40,6.59,stop,-1.0,0.135,-1.135,-0.285
A,2025-05-09,RUN,ORIGINAL,REGULAR,14:15,9.08,LMT,9.13,9.13,8.79,0.34,294,0.01,False,,,,0,0,0,0
A,2025-05-12,MARA,IMPROVED,REGULAR,09:52,16.555,STP_LMT,16.555,16.6608,16.4492,0.1058,863,0.01,True,09:52,16.555,stop/stop,-1.0,0.1607,-1.1607,-1.1607
A,2025-05-12,MARA,IMPROVED,PREMARKET,08:01,16.64,STP_LMT,16.64,16.7458,16.5342,0.1058,863,0.01,True,08:01,16.64,stop/stop,-1.7013,0.1607,-1.862,-1.1607
A,2025-05-15,BBAI,ORIGINAL,PREMARKET,07:35,3.8,LMT,3.85,3.85,3.56,0.29,344,0.01,True,07:35,3.85,time,0.0,0.0586,-0.0586,-0.0586
A,2025-05-16,WLDS,ORIGINAL,REGULAR,10:50,1.72,LMT,1.77,1.77,1.51,0.26,384,0.04,True,10:50,1.77,time,-0.2308,0.1808,-0.4115,0.05
A,2025-05-19,APLD,ORIGINAL,PREMARKET,06:55,6.55,LMT,6.6,6.6,6.34,0.26,384,0.04,True,06:59,6.6,time,0.1538,0.1808,-0.0269,-0.3346
A,2025-05-19,ASPI,ORIGINAL,REGULAR,13:15,7.25,LMT,7.3,7.3,7.08,0.22,454,0.02,True,13:17,7.3,time,0.2273,0.1227,0.1045,-0.35
A,2025-05-19,FCEL,ORIGINAL,REGULAR,11:05,4.075,LMT,4.125,4.125,3.91,0.215,465,0.02,False,,,,0,0,0,0
A,2025-05-22,RILY,ORIGINAL,REGULAR,12:00,3.08,LMT,3.13,3.13,2.93,0.2,500,0.01,True,12:00,3.13,time,-0.5135,0.085,-0.5985,0.4285
A,2025-05-23,QMCO,ORIGINAL,REGULAR,13:05,12.38,LMT,12.43,12.43,12.18,0.25,400,0.05,True,13:05,12.43,time,-0.36,0.228,-0.588,-1.228
A,2025-05-23,SEDG,ORIGINAL,REGULAR,11:20,15.5463,LMT,15.5963,15.5963,15.3963,0.2,500,0.02,False,,,,0,0,0,0
A,2025-05-23,SEDG,IMPROVED,PREMARKET,06:47,15.29,STP_LMT,15.29,15.5278,15.0522,0.2378,387,0.02,True,06:47,15.29,stop/stop,-1.0093,0.1135,-1.1228,0.3826
A,2025-05-23,RUN,IMPROVED,REGULAR,09:56,6.81,STP_LMT,6.81,6.9426,6.6774,0.1326,701,0.01,True,09:56,6.81,target/eod,1.5461,0.1282,1.4179,-1.1282
A,2025-05-23,RGTI,ORIGINAL,REGULAR,12:55,13.85,LMT,13.9,13.9,13.54,0.36,277,0.01,False,,,,0,0,0,0
A,2025-05-23,RGTI,IMPROVED,REGULAR,09:41,13.76,STP_LMT,13.76,13.893,13.627,0.133,699,0.01,True,09:41,13.76,stop/stop,-1.0,0.1278,-1.1278,0.37
B,2025-05-23,FCEL,ORIGINAL,REGULAR,14:15,5.14,LMT,5.19,5.19,4.94,0.25,400,0.02,True,14:15,5.19,time,-0.04,0.108,-0.148,-0.068
B,2025-05-27,FCEL,ORIGINAL,REGULAR,14:05,5.53,LMT,5.58,5.58,5.042,0.538,185,0.01,True,14:05,5.58,time,0.1015,0.0316,0.0699,-0.1331
A,2025-05-28,AEHR,ORIGINAL,REGULAR,11:50,10.3,LMT,10.35,10.35,10.08,0.27,370,0.04,True,11:50,10.35,time,-0.4815,0.1741,-0.6556,0.3074
A,2025-06-04,BMEA,ORIGINAL,REGULAR,12:00,2.565,LMT,2.615,2.615,2.37,0.245,408,0.01,True,12:00,2.615,time,0.6327,0.0694,0.5633,-0.702
A,2025-06-04,AREB,ORIGINAL,REGULAR,11:35,1.7117,LMT,1.7617,1.7617,1.54,0.2217,451,0.02,True,11:35,1.7617,time,-0.1881,0.1218,-0.3099,0.0663
B,2025-06-04,BMEA,ORIGINAL,REGULAR,12:45,2.565,LMT,2.615,2.615,2.415,0.2,500,0.01,False,,,,0,0,0,0
B,2025-06-06,FCEL,ORIGINAL,REGULAR,12:05,7.24,LMT,7.29,7.29,6.9,0.39,256,0.01,True,12:05,7.29,stop,-1.0,0.0436,-1.0436,0.3667
A,2025-06-11,XTIA,ORIGINAL,REGULAR,10:50,3.76,LMT,3.81,3.81,3.33,0.48,208,0.04,True,10:50,3.81,target/trail,2.6875,0.0979,2.5896,-1.0979
A,2025-06-12,AEHR,ORIGINAL,REGULAR,13:45,12.165,LMT,12.215,12.215,12.015,0.2,500,0.02,True,14:14,12.215,stop,-1.0,0.135,-1.135,1.565
A,2025-06-16,VKTX,ORIGINAL,REGULAR,13:05,26.6382,LMT,26.6882,26.6882,26.371,0.3172,315,0.02,True,13:08,26.6882,time,-0.1047,0.0851,-0.1898,0.0195
A,2025-06-18,RUN,IMPROVED,REGULAR,10:01,5.925,STP_LMT,5.925,6.0308,5.8192,0.1058,863,0.01,True,10:01,5.925,target/eod,1.8741,0.1607,1.7135,-1.1607
A,2025-06-23,AVXL,ORIGINAL,REGULAR,11:10,9.1199,LMT,9.1699,9.1699,8.85,0.3199,312,0.03,True,11:10,9.1699,time,-0.4039,0.1157,-0.5195,0.2882
A,2025-06-25,BBAI,ORIGINAL,PREMARKET,09:10,5.59,LMT,5.64,5.64,5.34,0.3,333,0.01,True,09:10,5.64,stop,-1.0,0.0567,-1.0567,1.7933
B,2025-06-27,INMB,ORIGINAL,PREMARKET,06:20,12.48,LMT,12.53,12.53,9.07,3.46,28,0.04,True,06:33,12.53,time,-0.5231,0.0188,-0.5419,0.5043
A,2025-06-30,RILY,ORIGINAL,REGULAR,15:00,2.965,LMT,3.015,3.015,2.815,0.2,500,0.01,True,15:00,3.015,eod,-0.2,0.085,-0.285,0.115
A,2025-06-30,EOSE,ORIGINAL,REGULAR,12:10,5,LMT,5.05,5.05,4.83,0.22,454,0.01,True,12:10,5.05,time,0.6591,0.0773,0.5818,-0.7364
A,2025-07-01,BGS,ORIGINAL,REGULAR,12:10,4.3,LMT,4.35,4.35,4.15,0.2,500,0.01,False,,,,0,0,0,0
A,2025-07-03,SBET,ORIGINAL,PREMARKET,05:45,13.18,LMT,13.23,13.23,12.23,1.0,100,0.03,True,05:52,13.23,time,-0.1,0.037,-0.137,0.063
A,2025-07-09,WKHS,ORIGINAL,PREMARKET,09:10,3.0215,LMT,3.0715,3.0715,2.84,0.2315,431,0.02,True,09:10,3.0715,target/vwap,1.8114,0.1166,1.6948,-1.1166
A,2025-07-10,MBLY,IMPROVED,REGULAR,09:39,16.605,STP_LMT,16.605,16.7234,16.4866,0.1184,778,0.01,True,09:39,16.605,target/eod,1.2745,0.1436,1.1309,-1.1436
B,2025-07-10,AEHR,ORIGINAL,REGULAR,15:00,14.89,LMT,14.94,14.94,14.59,0.35,285,0.02,True,15:08,14.94,stop,-1.0,0.0771,-1.0771,0.9229
A,2025-07-16,ENVX,ORIGINAL,REGULAR,13:10,15.02,LMT,15.07,15.07,14.78,0.29,344,0.01,True,14:18,15.07,time,0.2931,0.0586,0.2345,-0.3517
A,2025-07-16,ENVX,IMPROVED,REGULAR,10:18,14.68,STP_LMT,14.68,14.7899,14.5701,0.1099,834,0.01,True,10:18,14.68,stop/stop,-1.0,0.1547,-1.1547,-1.1547
A,2025-07-17,DPRO,ORIGINAL,REGULAR,14:05,6.6,LMT,6.65,6.65,6.26,0.39,256,0.02,False,,,,0,0,0,0
B,2025-07-17,RILY,ORIGINAL,REGULAR,15:00,5.865,LMT,5.915,5.915,5.56,0.355,281,0.01,True,15:00,5.915,eod,-0.3662,0.0479,-0.4141,0.3183
A,2025-07-18,SPCE,ORIGINAL,REGULAR,10:55,3.85,LMT,3.9,3.9,3.675,0.225,444,0.01,True,11:01,3.9,time,0.7778,0.0756,0.7022,-1.0756
A,2025-07-18,SPCE,ORIGINAL,PREMARKET,07:10,3.7,LMT,3.75,3.75,3.55,0.2,500,0.05,True,07:11,3.75,time,-0.15,0.285,-0.435,-0.135
A,2025-07-18,ABSI,ORIGINAL,REGULAR,12:05,3.12,LMT,3.17,3.17,2.94,0.23,434,0.01,True,12:10,3.17,time,-0.3043,0.0739,-0.3783,0.2304
A,2025-07-18,ASPI,ORIGINAL,REGULAR,14:50,10.37,LMT,10.42,10.42,10.22,0.2,500,0.01,True,15:12,10.42,eod,0.4,0.085,0.315,-0.485
A,2025-07-18,QBTS,IMPROVED,PREMARKET,08:00,19.59,STP_LMT,19.59,19.7102,19.4698,0.1202,768,0.01,True,08:00,19.59,stop/stop,-1.0,0.1414,-1.1414,3.6872
A,2025-07-21,EOSE,ORIGINAL,PREMARKET,08:40,6.25,LMT,6.3,6.3,6.039,0.261,383,0.01,True,08:40,6.3,stop,-1.0,0.0651,-1.0651,1.4291
A,2025-07-22,BYND,ORIGINAL,PREMARKET,09:20,4.12,LMT,4.17,4.17,3.9504,0.2196,455,0.02,True,09:20,4.17,stop,-1.0,0.123,-1.123,-1.123
B,2025-07-22,AEHR,ORIGINAL,PREMARKET,08:10,18,LMT,18.05,18.05,16.11,1.94,51,0.05,True,08:10,18.05,time,0.231,0.0328,0.1982,-0.2639
A,2025-07-23,ABR,ORIGINAL,REGULAR,12:50,12.115,LMT,12.165,12.165,11.945,0.22,454,0.01,True,12:50,12.165,time,-0.2955,0.0773,-0.3727,0.2182
A,2025-07-24,NVAX,ORIGINAL,PREMARKET,09:15,8.02,LMT,8.07,8.07,7.8,0.27,370,0.02,True,09:29,8.07,time,-0.463,0.1,-0.563,-1.1
A,2025-07-24,CRDF,ORIGINAL,REGULAR,11:30,4.4198,LMT,4.4698,4.4698,4.245,0.2248,444,0.01,True,11:30,4.4698,time,-0.2215,0.0756,-0.2972,0.1459
B,2025-07-28,RILY,ORIGINAL,REGULAR,14:45,6.335,LMT,6.385,6.385,6.05,0.335,298,0.01,True,14:45,6.385,time,-0.597,0.0507,-0.6478,0.5463
A,2025-07-31,CAPR,ORIGINAL,REGULAR,11:25,8.15,LMT,8.2,8.2,7.8233,0.3767,265,0.04,True,11:25,8.2,time,0.5734,0.1248,0.4486,-0.6982
A,2025-08-04,NOG,ORIGINAL,REGULAR,13:15,25.18,LMT,25.23,25.23,24.98,0.25,400,0.01,True,13:23,25.23,stop,-1.0,0.068,-1.068,0.512
A,2025-08-06,LMND,ORIGINAL,REGULAR,12:40,50.84,LMT,50.89,50.89,49.11,1.78,56,0.05,True,12:40,50.89,time,-0.3848,0.0351,-0.4199,0.3497
A,2025-08-07,NVAX,ORIGINAL,REGULAR,13:55,8.71,LMT,8.76,8.76,8.51,0.25,400,0.01,True,13:58,8.76,time,-0.38,0.068,-0.448,0.312
A,2025-08-08,VKTX,ORIGINAL,REGULAR,14:50,37.86,LMT,37.91,37.91,37.4194,0.4906,203,0.02,True,14:54,37.91,time,0.2313,0.055,0.1763,-0.2864
A,2025-08-08,BMNR,ORIGINAL,REGULAR,12:15,47.2,LMT,47.25,47.25,45.79,1.46,68,0.03,False,,,,0,0,0,0
A,2025-08-08,BMNR,IMPROVED,REGULAR,09:35,44.13,STP_LMT,44.13,44.6295,43.6305,0.4995,188,0.03,True,09:35,44.13,target/eod,8.6476,0.075,8.5727,-1.075
A,2025-08-11,PCT,ORIGINAL,REGULAR,12:15,12.97,LMT,13.02,13.02,12.625,0.395,253,0.02,True,12:33,13.02,time,0.4051,0.0684,0.3367,-0.4734
A,2025-08-14,CORZ,ORIGINAL,REGULAR,13:05,13.63,LMT,13.68,13.68,13.22,0.46,217,0.01,True,13:23,13.68,time,0.6304,0.037,0.5935,-0.6674
A,2025-09-11,WHLR,ORIGINAL,PREMARKET,07:20,3.27,LMT,3.32,3.32,2.05,1.27,78,0.01,True,07:20,3.32,time,-0.4961,0.0149,-0.511,0.4811
A,2025-09-11,FUN,ORIGINAL,REGULAR,13:45,22.03,LMT,22.08,22.08,21.8,0.28,357,0.03,True,15:17,22.08,stop,-1.0,0.1321,-1.1321,0.975
A,2025-09-12,OPEN,IMPROVED,REGULAR,09:38,10.13,STP_LMT,10.13,10.2527,10.0073,0.1227,753,0.01,True,09:38,10.13,stop/stop,-1.0,0.1385,-1.1385,-1.1385
A,2025-09-18,PLUG,ORIGINAL,REGULAR,10:50,2.075,LMT,2.125,2.125,1.89,0.235,425,0.01,True,10:50,2.125,time,-0.383,0.0723,-0.4553,0.3106
A,2025-09-22,VUZI,ORIGINAL,REGULAR,12:55,2.8,LMT,2.85,2.85,2.65,0.2,500,0.01,True,12:55,2.85,time,1.028,0.085,0.943,-1.085
A,2025-09-23,ASPI,ORIGINAL,REGULAR,11:00,11.66,LMT,11.71,11.71,11.0,0.71,140,0.02,True,11:00,11.71,time,-0.6197,0.038,-0.6577,0.5817
A,2025-09-26,CAPR,ORIGINAL,REGULAR,11:50,6.7916,LMT,6.8416,6.8416,6.58,0.2616,382,0.03,False,,,,0,0,0,0
A,2025-09-26,GO,ORIGINAL,REGULAR,13:45,15.905,LMT,15.955,15.955,15.72,0.235,425,0.02,True,13:45,15.955,stop,-1.0,0.1149,-1.1149,0.0553
A,2025-10-02,RUN,ORIGINAL,REGULAR,13:25,19.005,LMT,19.055,19.055,18.8,0.255,392,0.02,True,13:30,19.055,stop,-1.0,0.1059,-1.1059,0.2471
A,2025-10-02,SPRY,ORIGINAL,REGULAR,14:05,10.26,LMT,10.31,10.31,9.945,0.365,273,0.03,True,15:43,10.31,eod,-0.0548,0.1014,-0.1562,-0.0466
A,2025-10-03,AVXL,ORIGINAL,REGULAR,14:30,9.79,LMT,9.84,9.84,9.5901,0.2499,400,0.04,True,14:30,9.84,time,0.7403,0.1881,0.5522,-0.9284
A,2025-10-06,HUMA,ORIGINAL,PREMARKET,09:15,2.3186,LMT,2.3686,2.3686,2.13,0.2386,419,0.02,True,09:15,2.3686,time,-0.5599,0.1132,-0.6731,0.4468
A,2025-10-09,ALT,ORIGINAL,REGULAR,14:25,4.01,LMT,4.06,4.06,3.86,0.2,500,0.01,True,14:25,4.06,time,-0.25,0.085,-0.335,0.165
A,2025-10-10,SERV,IMPROVED,REGULAR,10:22,16.5899,STP_LMT,16.5899,16.7263,16.4535,0.1364,683,0.01,True,10:22,16.5899,stop/stop,-1.0,0.1246,-1.1246,0.3732
A,2025-10-13,APLD,IMPROVED,PREMARKET,04:55,36.91,STP_LMT,36.91,37.1874,36.6326,0.2774,336,0.02,True,04:55,36.91,stop/stop,-1.0,0.0973,-1.0973,-1.0973
A,2025-10-13,ASPI,ORIGINAL,REGULAR,12:45,12.84,LMT,12.89,12.89,12.545,0.345,289,0.03,True,12:46,12.89,time,0.3623,0.1072,0.2551,-0.4696
A,2025-10-20,SNDX,ORIGINAL,REGULAR,12:45,15.69,LMT,15.74,15.74,15.34,0.4,250,0.02,True,12:46,15.74,stop,-1.0,0.0675,-1.0675,0.8075
A,2025-10-21,VSTM,ORIGINAL,REGULAR,14:00,8.06,LMT,8.11,8.11,7.9,0.21,476,0.02,True,14:00,8.11,time,-0.4524,0.1286,-0.581,0.3238
A,2025-10-28,NTLA,IMPROVED,PREMARKET,06:53,14.98,STP_LMT,14.98,15.3019,14.6581,0.3219,301,0.01,True,06:53,14.98,stop/stop,-1.0,0.0528,-1.0528,-1.0528
A,2025-10-28,WLDS,ORIGINAL,REGULAR,10:40,2.7915,LMT,2.8415,2.8415,2.63,0.2115,472,0.05,True,10:40,2.8415,time,0.2293,0.2695,-0.0402,-0.4988
A,2025-10-29,ENPH,IMPROVED,REGULAR,09:36,32.55,STP_LMT,32.55,32.7493,32.3507,0.1993,477,0.01,True,09:36,32.55,target/stop,0.4969,0.0853,0.4116,-1.0853
A,2025-10-31,CORZ,IMPROVED,REGULAR,09:35,22.19,STP_LMT,22.19,22.3251,22.0549,0.1351,689,0.01,True,09:35,22.19,stop/stop,-1.0,0.1258,-1.1258,3.2818
A,2025-11-03,PLAY,ORIGINAL,REGULAR,14:30,14.62,LMT,14.67,14.67,14.445,0.225,444,0.02,True,14:30,14.67,time,-0.6667,0.12,-0.7867,0.5467
A,2025-11-05,GO,ORIGINAL,REGULAR,12:30,13.06,LMT,13.11,13.11,12.065,1.045,95,0.01,True,14:19,13.11,time,-0.1388,0.0166,-0.1554,0.1221
A,2025-11-07,ARRY,ORIGINAL,REGULAR,13:30,8.45,LMT,8.5,8.5,8.21,0.29,344,0.01,True,13:30,8.5,time,0.0,0.0586,-0.0586,-0.0586
A,2025-11-07,TRIP,ORIGINAL,REGULAR,14:35,15.34,LMT,15.39,15.39,15.18,0.21,476,0.01,True,14:48,15.39,time,-0.0952,0.081,-0.1762,0.0143
A,2025-11-07,ENVX,ORIGINAL,REGULAR,13:45,9.08,LMT,9.13,9.13,8.83,0.3,333,0.01,False,,,,0,0,0,0
A,2025-11-10,RUN,ORIGINAL,REGULAR,14:15,18.916,LMT,18.966,18.966,18.67,0.296,337,0.02,True,14:15,18.966,time,0.3682,0.0912,0.277,-1.0912
A,2025-11-10,OPEN,ORIGINAL,REGULAR,14:50,7.92,LMT,7.97,7.97,7.68,0.29,344,0.01,True,14:53,7.97,time,-0.0534,0.0586,-0.1121,-0.0052
A,2025-11-11,AVXL,ORIGINAL,REGULAR,12:30,6.89,LMT,6.94,6.94,6.705,0.235,425,0.01,True,12:30,6.94,time,-0.1915,0.0723,-0.2638,0.1191
A,2025-11-11,REAL,ORIGINAL,REGULAR,11:40,14.69,LMT,14.74,14.74,14.36,0.38,263,0.01,False,,,,0,0,0,0
A,2025-11-20,EOSE,IMPROVED,REGULAR,09:44,13.94,STP_LMT,13.94,14.1405,13.7395,0.2005,453,0.02,True,09:44,13.94,stop/stop,-1.0,0.1347,-1.1347,-1.1347
A,2025-11-21,GENI,ORIGINAL,REGULAR,13:45,9.15,LMT,9.2,9.2,8.94,0.26,384,0.01,True,13:45,9.2,time,-0.0192,0.0654,-0.0846,-0.0462
A,2025-11-21,JACK,ORIGINAL,REGULAR,11:10,16.13,LMT,16.18,16.18,15.755,0.425,235,0.02,True,11:11,16.18,time,1.2471,0.0635,1.1835,-1.0635
A,2025-11-25,KSS,ORIGINAL,REGULAR,12:20,21.2,LMT,21.25,21.25,20.685,0.565,176,0.03,True,12:38,21.25,time,0.1593,0.0655,0.0938,-0.2248
A,2025-11-25,TNGX,ORIGINAL,REGULAR,12:30,10.63,LMT,10.68,10.68,10.44,0.24,416,0.03,True,12:32,10.68,time,-0.125,0.1542,-0.2792,-0.0292
A,2025-11-28,CLSK,IMPROVED,REGULAR,09:37,14.52,STP_LMT,14.52,14.6516,14.3884,0.1316,706,0.01,True,09:37,14.52,target/stop,0.5,0.1292,0.3708,-1.1292
A,2025-12-04,VITL,ORIGINAL,REGULAR,11:50,31.75,LMT,31.8,31.8,31.46,0.34,294,0.05,True,11:59,31.8,time,0.25,0.1676,0.0824,-1.1676
A,2025-12-10,CAL,ORIGINAL,REGULAR,15:00,13.275,LMT,13.325,13.325,13.014,0.311,321,0.02,True,15:01,13.325,eod,0.1608,0.0868,0.074,-0.2476
A,2025-12-16,XRX,ORIGINAL,REGULAR,12:50,2.8156,LMT,2.8656,2.8656,2.6656,0.2,500,0.01,True,12:50,2.8656,time,-0.278,0.085,-0.363,0.193
A,2025-12-22,TNGX,ORIGINAL,REGULAR,10:55,8.79,LMT,8.84,8.84,8.45,0.39,256,0.04,True,11:25,8.84,time,-0.1795,0.1205,-0.3,0.059
A,2025-12-22,ARCT,ORIGINAL,REGULAR,13:50,6.66,LMT,6.71,6.71,6.51,0.2,500,0.02,True,13:50,6.71,time,-0.525,0.135,-0.66,0.39
A,2025-12-22,DPRO,ORIGINAL,REGULAR,14:15,8.24,LMT,8.29,8.29,8.0,0.29,344,0.02,True,14:37,8.29,stop,-1.0,0.0931,-1.0931,0.7072
A,2026-01-02,ONDS,ORIGINAL,REGULAR,13:45,10.58,LMT,10.63,10.63,10.43,0.2,500,0.01,True,13:50,10.63,time,0.7175,0.085,0.6325,-1.085
A,2026-01-02,ONDS,ORIGINAL,PREMARKET,09:25,10.26,LMT,10.31,10.31,10.02,0.29,344,0.01,True,09:25,10.31,stop,-1.0,0.0586,-1.0586,1.2862
A,2026-01-08,NTST,ORIGINAL,REGULAR,13:00,17.66,LMT,17.71,17.71,17.505,0.205,487,0.01,True,13:00,17.71,time,-0.5366,0.0829,-0.6195,0.4537
A,2026-01-09,DPRO,ORIGINAL,REGULAR,13:50,9.861,LMT,9.911,9.911,9.6401,0.2709,369,0.02,True,13:50,9.911,time,-0.5574,0.0997,-0.6571,0.4577
A,2026-01-09,APLD,IMPROVED,REGULAR,09:43,33.94,STP_LMT,33.94,34.1899,33.6901,0.2499,370,0.02,True,09:43,33.94,target/eod,8.1028,0.108,7.9948,-1.108
A,2026-01-09,APLD,ORIGINAL,PREMARKET,07:40,32.44,LMT,32.49,32.49,32.13,0.36,277,0.05,True,07:40,32.49,stop,-1.0,0.1583,-1.1583,-1.1583
A,2026-01-13,EOSE,ORIGINAL,REGULAR,12:10,17.135,LMT,17.185,17.185,16.53,0.655,152,0.01,True,12:11,17.185,time,0.5421,0.026,0.5162,-0.5681
A,2026-01-14,ORIC,ORIGINAL,REGULAR,13:35,11.49,LMT,11.54,11.54,11.285,0.255,392,0.05,True,13:35,11.54,stop,-1.0,0.2235,-1.2235,0.8745
A,2026-01-15,PCT,ORIGINAL,REGULAR,14:20,11.63,LMT,11.68,11.68,11.38,0.3,333,0.01,True,14:20,11.68,stop,-1.0,0.0567,-1.0567,1.0767
A,2026-01-16,LAES,ORIGINAL,PREMARKET,09:00,4.84,LMT,4.89,4.89,4.67,0.22,454,0.01,True,09:00,4.89,stop,-1.0,0.0773,-1.0773,0.8973
A,2026-01-20,WOLF,ORIGINAL,REGULAR,12:00,20.695,LMT,20.745,20.745,19.7709,0.9741,102,0.05,True,13:34,20.745,time,-0.539,0.0585,-0.5975,0.4804
A,2026-01-23,CHRS,ORIGINAL,REGULAR,14:20,2.1,LMT,2.15,2.15,1.95,0.2,500,0.01,True,14:20,2.15,time,-0.141,0.085,-0.226,0.056
A,2026-01-23,CHRS,ORIGINAL,PREMARKET,09:05,1.84,LMT,1.89,1.89,1.6798,0.2102,475,0.01,True,09:05,1.89,time,0.4282,0.0809,0.3473,-0.509
A,2026-01-23,ENPH,IMPROVED,REGULAR,09:54,41.69,STP_LMT,41.69,41.894,41.486,0.204,446,0.02,True,09:54,41.69,target/stop,0.5,0.1324,0.3676,-1.1324
A,2026-01-23,PLUG,ORIGINAL,PREMARKET,09:10,2.68,LMT,2.73,2.73,2.49,0.24,416,0.01,True,09:10,2.73,stop,-1.0,0.0708,-1.0708,0.825
A,2026-01-27,IONQ,ORIGINAL,REGULAR,14:00,45.1299,LMT,45.1799,45.1799,43.53,1.6499,60,0.02,False,,,,0,0,0,0
A,2026-01-27,IONQ,IMPROVED,PREMARKET,07:15,45.15,STP_LMT,45.15,45.5656,44.7344,0.4156,224,0.03,True,07:15,45.15,stop/stop,-1.0,0.089,-1.089,0.411
A,2026-01-29,FEED,ORIGINAL,REGULAR,11:45,4.33,LMT,4.38,4.38,3.4499,0.9301,107,0.01,True,11:46,4.38,time,-0.0864,0.0183,-0.1047,0.0682
A,2026-01-30,ASBP,ORIGINAL,REGULAR,12:00,1.76,LMT,1.81,1.81,1.6007,0.2093,477,0.03,True,12:11,1.81,time,0.0478,0.1768,-0.129,-0.2246
A,2026-02-13,NTST,ORIGINAL,REGULAR,11:55,20.11,LMT,20.16,20.16,19.93,0.23,434,0.03,True,11:56,20.16,time,-0.4348,0.1609,-0.5957,0.2739
A,2026-02-24,SLS,ORIGINAL,REGULAR,11:00,4.73,LMT,4.78,4.78,4.51,0.27,370,0.01,True,11:00,4.78,time,-0.1296,0.063,-0.1926,0.0667
A,2026-02-25,IOVA,ORIGINAL,PREMARKET,07:50,3.98,LMT,4.03,4.03,3.8,0.23,434,0.02,True,07:51,4.03,time,0.6522,0.1174,0.5348,-0.7696
A,2026-02-27,IONQ,IMPROVED,REGULAR,09:45,39.47,STP_LMT,39.47,39.7752,39.1648,0.3052,298,0.03,True,09:45,39.47,stop/stop,-1.0,0.1212,-1.1212,2.8693
A,2026-03-02,ABR,ORIGINAL,REGULAR,14:45,8.52,LMT,8.57,8.57,8.37,0.2,500,0.01,True,14:45,8.57,time,0.125,0.085,0.04,-0.21
A,2026-03-02,MCHB,ORIGINAL,REGULAR,13:00,14.725,LMT,14.775,14.775,14.56,0.215,465,0.04,True,13:20,14.775,time,0.4884,0.2186,0.2698,-0.707
B,2026-03-02,PAR,IMPROVED,REGULAR,15:40,16.595,STP_LMT,16.595,16.7996,16.3904,0.2046,465,0.01,False,,,,0,0,0,0
A,2026-03-03,XTIA,ORIGINAL,REGULAR,12:15,2.1485,LMT,2.1985,2.1985,1.91,0.2885,346,0.01,False,,,,0,0,0,0
A,2026-03-04,PLUG,ORIGINAL,REGULAR,14:20,2.41,LMT,2.46,2.46,2.24,0.22,454,0.01,True,14:20,2.46,time,-0.3409,0.0773,-0.4182,0.2636
A,2026-03-06,ALT,ORIGINAL,REGULAR,13:40,3.63,LMT,3.68,3.68,3.48,0.2,500,0.01,True,13:40,3.68,time,-0.275,0.085,-0.36,0.19
A,2026-03-09,ASPI,ORIGINAL,REGULAR,12:25,5.575,LMT,5.625,5.625,5.235,0.39,256,0.01,True,12:25,5.625,time,0.4359,0.0436,0.3923,-0.4795
A,2026-03-11,KITT,ORIGINAL,REGULAR,12:00,0.823,LMT,0.873,0.873,0.673,0.2,500,0.01,True,12:00,0.873,time,-0.293,0.085,-0.378,0.208
A,2026-03-12,CYN,ORIGINAL,REGULAR,13:25,2.14,LMT,2.19,2.19,1.98,0.21,476,0.01,True,13:26,2.19,time,0.0952,0.081,0.0143,-0.1762
A,2026-03-12,MPT,ORIGINAL,REGULAR,10:50,4.87,LMT,4.92,4.92,4.695,0.225,444,0.01,True,10:51,4.92,time,-0.3116,0.0756,-0.3871,0.236
B,2026-03-13,PAR,IMPROVED,REGULAR,09:53,13.42,STP_LMT,13.42,13.622,13.218,0.202,471,0.01,True,09:53,13.622,stop/stop,-1.0,0.0842,-1.0842,0.4127
A,2026-03-16,UPXI,ORIGINAL,REGULAR,14:00,1.24,LMT,1.29,1.29,1.07,0.22,454,0.01,True,14:00,1.29,time,-0.1591,0.0773,-0.2364,0.0818
A,2026-03-18,PCT,ORIGINAL,REGULAR,11:10,5.75,LMT,5.8,5.8,5.545,0.255,392,0.01,True,11:10,5.8,stop,-1.0,0.0667,-1.0667,1.0902
A,2026-03-23,NTST,ORIGINAL,REGULAR,14:35,19.25,LMT,19.3,19.3,19.09,0.21,476,0.01,True,14:35,19.3,stop,-1.0,0.081,-1.081,0.9667
A,2026-03-23,MCHB,ORIGINAL,REGULAR,14:10,14.62,LMT,14.67,14.67,14.47,0.2,500,0.02,True,14:10,14.67,time,-0.55,0.135,-0.685,0.415
A,2026-03-23,AVXL,ORIGINAL,REGULAR,12:30,4.4,LMT,4.45,4.45,4.25,0.2,500,0.01,True,12:30,4.45,time,0.2,0.085,0.115,-0.285
A,2026-04-01,POLA,ORIGINAL,REGULAR,11:50,1.7316,LMT,1.7816,1.7816,1.46,0.3216,310,0.05,True,11:50,1.7816,time,-0.0672,0.1772,-0.2444,-0.1101
A,2026-04-01,BHVN,ORIGINAL,REGULAR,11:10,9.05,LMT,9.1,9.1,8.9,0.2,500,0.04,False,,,,0,0,0,0
A,2026-04-02,ORIC,ORIGINAL,REGULAR,12:15,8.37,LMT,8.42,8.42,8.155,0.265,377,0.02,True,12:17,8.42,time,0.434,0.1019,0.3321,-0.5358
A,2026-04-06,SKYQ,ORIGINAL,REGULAR,13:30,5.13,LMT,5.18,5.18,4.6601,0.5199,192,0.01,False,,,,0,0,0,0
A,2026-04-09,APLD,ORIGINAL,PREMARKET,07:05,26.88,LMT,26.93,26.93,26.5,0.43,232,0.05,True,08:26,26.93,stop,-1.0,0.1326,-1.1326,1.286
A,2026-04-10,EOSE,ORIGINAL,PREMARKET,08:30,6.28,LMT,6.33,6.33,6.05,0.28,357,0.01,True,08:30,6.33,time,-0.5,0.0607,-0.5607,-1.0607
A,2026-04-13,ABEO,ORIGINAL,REGULAR,14:50,4.97,LMT,5.02,5.02,4.82,0.2,500,0.01,True,14:50,5.02,time,0.225,0.085,0.14,-0.31
A,2026-04-13,SPCE,ORIGINAL,REGULAR,11:00,2.98,LMT,3.03,3.03,2.82,0.21,476,0.01,True,11:00,3.03,time,-0.7143,0.081,-0.7952,0.6333
A,2026-04-15,QUBT,ORIGINAL,PREMARKET,08:55,8.6783,LMT,8.7283,8.7283,8.47,0.2583,387,0.02,True,08:55,8.7283,stop,-1.0,0.1045,-1.1045,-1.1045
A,2026-04-15,IONQ,IMPROVED,REGULAR,09:35,39.1769,STP_LMT,39.1769,39.4208,38.933,0.2439,393,0.01,True,09:35,39.1769,target/eod,9.0398,0.0697,8.9701,-1.0697
A,2026-04-20,NTST,ORIGINAL,REGULAR,14:10,21.005,LMT,21.055,21.055,20.84,0.215,465,0.02,True,14:10,21.055,time,-0.0233,0.1256,-0.1488,-0.1023
A,2026-04-20,XRX,ORIGINAL,REGULAR,12:20,1.77,LMT,1.82,1.82,1.62,0.2,500,0.01,True,12:20,1.82,time,-0.275,0.085,-0.36,0.19
A,2026-04-20,RUN,ORIGINAL,REGULAR,13:45,12.1999,LMT,12.2499,12.2499,12.045,0.2049,488,0.01,True,13:47,12.2499,time,0.5129,0.083,0.43,-0.5959
A,2026-04-21,USAR,ORIGINAL,PREMARKET,06:25,23.02,LMT,23.07,23.07,22.71,0.36,277,0.05,True,06:52,23.07,time,-0.6111,0.1583,-0.7694,0.4528
B,2026-04-21,GRPN,IMPROVED,PREMARKET,08:08,18.4545,STP_LMT,18.4545,18.5595,18.3495,0.105,869,0.01,True,08:08,18.4545,stop/stop,-1.0,0.1619,-1.1619,-1.1619
A,2026-04-28,ABSI,ORIGINAL,REGULAR,11:50,4.86,LMT,4.91,4.91,4.65,0.26,384,0.01,True,11:50,4.91,time,-0.0769,0.0654,-0.1423,0.0115
A,2026-04-29,BBAI,ORIGINAL,PREMARKET,07:15,4.28,LMT,4.33,4.33,4.08,0.25,400,0.01,True,07:15,4.33,time,0.12,0.068,0.052,-0.188
A,2026-04-30,DDD,ORIGINAL,REGULAR,11:35,2.185,LMT,2.235,2.235,2.035,0.2,500,0.01,True,11:35,2.235,time,0.25,0.085,0.165,-0.335
A,2026-04-30,ENPH,ORIGINAL,REGULAR,14:20,33.21,LMT,33.26,33.26,32.885,0.375,266,0.01,True,15:38,33.26,stop,-1.0,0.0453,-1.0453,0.7547
A,2026-05-01,MPT,ORIGINAL,REGULAR,13:00,5.07,LMT,5.12,5.12,4.92,0.2,500,0.01,True,13:00,5.12,time,-0.2,0.085,-0.285,0.115
A,2026-05-07,NVAX,ORIGINAL,PREMARKET,08:20,9.5883,LMT,9.6383,9.6383,9.363,0.2753,363,0.01,True,08:22,9.6383,time,0.3331,0.0618,0.2713,-0.3948
A,2026-05-11,ARCT,ORIGINAL,REGULAR,10:30,9.5,LMT,9.55,9.55,9.07,0.48,208,0.01,True,10:30,9.55,time,-0.9792,0.0354,-1.0146,0.9438
A,2026-05-11,SPCE,ORIGINAL,REGULAR,11:35,3.0199,LMT,3.0699,3.0699,2.815,0.2549,392,0.01,True,11:35,3.0699,time,-0.4896,0.0667,-0.5563,0.4229
A,2026-05-12,PLUG,ORIGINAL,PREMARKET,06:05,3.83,LMT,3.88,3.88,3.67,0.21,476,0.01,True,06:05,3.88,time,-0.2957,0.081,-0.3767,0.2148
A,2026-05-13,LENZ,ORIGINAL,REGULAR,14:10,7.95,LMT,8.0,8.0,7.8,0.2,500,0.03,True,14:58,8.0,time,-0.075,0.185,-0.26,-0.11
B,2026-05-13,KULR,ORIGINAL,REGULAR,12:35,3.66,LMT,3.71,3.71,3.435,0.275,363,0.01,True,12:40,3.71,time,0.4731,0.0618,0.4113,-0.5349
A,2026-05-14,SLS,ORIGINAL,REGULAR,11:30,6.74,LMT,6.79,6.79,6.42,0.37,270,0.01,False,,,,0,0,0,0
A,2026-05-18,ENPH,ORIGINAL,PREMARKET,09:10,52.68,LMT,52.73,52.73,51.2,1.53,65,0.05,True,09:13,52.73,stop,-1.0,0.0397,-1.0397,0.3524
A,2026-05-21,TRIP,ORIGINAL,REGULAR,14:50,9.94,LMT,9.99,9.99,9.79,0.2,500,0.01,True,15:29,9.99,eod,-0.5,0.085,-0.585,0.415
A,2026-05-22,IONQ,ORIGINAL,REGULAR,12:00,64.54,LMT,64.59,64.59,63.4501,1.1399,87,0.02,True,12:42,64.59,stop,-1.0,0.0246,-1.0246,0.5018
A,2026-05-22,IONQ,IMPROVED,REGULAR,09:35,61.3599,STP_LMT,61.3599,61.902,60.8178,0.5421,174,0.03,True,09:35,61.3599,target/eod,2.688,0.0702,2.6178,-1.0702
B,2026-05-22,KULR,ORIGINAL,REGULAR,12:50,4.51,LMT,4.56,4.56,4.34,0.22,454,0.01,True,12:55,4.56,time,0.4491,0.0773,0.3718,-0.5264
A,2026-05-26,SPCE,ORIGINAL,REGULAR,14:30,3.6597,LMT,3.7097,3.7097,3.485,0.2247,445,0.01,True,14:30,3.7097,stop,-1.0,0.0757,-1.0757,0.4571
A,2026-05-26,BIYA,ORIGINAL,REGULAR,11:35,1.84,LMT,1.89,1.89,1.6,0.29,344,0.02,True,11:35,1.89,time,-0.6379,0.0931,-0.731,0.5448
A,2026-05-26,BIYA,ORIGINAL,PREMARKET,06:40,1.32,LMT,1.37,1.37,1.1602,0.2098,476,0.01,True,06:40,1.37,time,0.4766,0.081,0.3956,-1.081
A,2026-05-27,DDD,ORIGINAL,REGULAR,12:25,3.44,LMT,3.49,3.49,3.29,0.2,500,0.01,True,12:25,3.49,time,-0.15,0.085,-0.235,0.065
A,2026-05-28,LOVE,ORIGINAL,REGULAR,14:45,16.08,LMT,16.13,16.13,15.9,0.23,434,0.02,True,14:45,16.13,time,0.1739,0.1174,0.0565,-0.2913
A,2026-05-28,BTDR,ORIGINAL,REGULAR,13:15,17.33,LMT,17.38,17.38,17.18,0.2,500,0.01,True,13:15,17.38,target/eod,3.4875,0.085,3.4025,-1.085
A,2026-06-01,BBAI,ORIGINAL,REGULAR,11:40,5.375,LMT,5.425,5.425,5.17,0.255,392,0.01,True,11:40,5.425,time,-0.549,0.0667,-0.6157,0.4824
A,2026-06-01,CMND,ORIGINAL,REGULAR,11:35,2.95,LMT,3.0,3.0,2.6,0.4,250,0.02,True,14:52,3.0,time,0.3512,0.0675,0.2837,-0.4187
A,2026-06-01,ORIC,ORIGINAL,REGULAR,13:45,8.76,LMT,8.81,8.81,8.58,0.23,434,0.01,True,13:45,8.81,time,0.4348,0.0739,0.3609,-1.0739
A,2026-06-01,VIVO,ORIGINAL,REGULAR,13:50,6.2601,LMT,6.3101,6.3101,6.07,0.2401,416,0.03,False,,,,0,0,0,0
A,2026-06-10,BATL,ORIGINAL,REGULAR,11:15,1.36,LMT,1.41,1.41,1.21,0.2,500,0.01,False,,,,0,0,0,0
A,2026-06-11,KIDZ,ORIGINAL,REGULAR,12:40,1.7082,LMT,1.7582,1.7582,1.5582,0.2,500,0.02,True,12:40,1.7582,time,0.209,0.135,0.074,-0.344
A,2026-06-16,TRIP,ORIGINAL,REGULAR,14:20,12.67,LMT,12.72,12.72,12.445,0.275,363,0.01,True,14:20,12.72,time,-0.3455,0.0618,-0.4073,0.2836
A,2026-06-16,PRFX,ORIGINAL,REGULAR,13:50,1.8,LMT,1.85,1.85,1.63,0.22,454,0.01,True,13:50,1.85,time,0.5345,0.0773,0.4573,-0.6118
A,2026-06-18,EOSE,ORIGINAL,PREMARKET,08:35,7.93,LMT,7.98,7.98,7.67,0.31,322,0.03,True,09:29,7.98,stop,-1.0,0.1194,-1.1194,1.421
A,2026-06-22,OCGN,ORIGINAL,REGULAR,14:15,1.305,LMT,1.355,1.355,1.155,0.2,500,0.01,True,14:15,1.355,time,-0.225,0.085,-0.31,0.14
A,2026-06-22,SRPT,ORIGINAL,REGULAR,14:20,18,LMT,18.05,18.05,17.69,0.36,277,0.02,True,14:33,18.05,stop,-1.0,0.075,-1.075,0.7031
A,2026-06-22,VSTM,ORIGINAL,REGULAR,14:00,4.18,LMT,4.23,4.23,4.02,0.21,476,0.01,True,14:00,4.23,time,-0.0476,0.081,-0.1286,-0.0333
A,2026-06-22,MNRO,ORIGINAL,REGULAR,13:45,15.68,LMT,15.73,15.73,15.51,0.22,454,0.04,True,13:47,15.73,time,-0.4091,0.2136,-0.6227,0.1955
A,2026-06-23,WEN,ORIGINAL,REGULAR,12:45,6.25,LMT,6.3,6.3,6.1,0.2,500,0.01,True,12:45,6.3,time,-0.17,0.085,-0.255,0.085
B,2026-06-24,PTCT,IMPROVED,REGULAR,15:55,83.06,STP_LMT,83.06,83.3763,82.7437,0.3163,288,0.03,False,,,,0,0,0,0
A,2026-06-29,AVTX,ORIGINAL,REGULAR,14:20,19.38,LMT,19.43,19.43,19.23,0.2,500,0.02,True,14:20,19.43,stop,-1.0,0.135,-1.135,0.765
A,2026-07-02,ELAB,ORIGINAL,REGULAR,11:20,1.17,LMT,1.22,1.22,1.02,0.2,500,0.01,True,11:20,1.22,time,0.0,0.085,-0.085,-0.085
A,2026-07-07,FABC,ORIGINAL,REGULAR,12:50,2.715,LMT,2.765,2.765,2.565,0.2,500,0.04,True,12:51,2.765,time,-0.075,0.235,-0.31,-0.16
A,2026-07-09,BATL,ORIGINAL,REGULAR,14:15,1.5,LMT,1.55,1.55,1.35,0.2,500,0.01,True,14:15,1.55,time,-0.125,0.085,-0.21,0.04
A,2026-07-20,ONDS,ORIGINAL,REGULAR,11:20,6.89,LMT,6.94,6.94,6.59,0.35,285,0.01,True,11:20,6.94,time,-0.1286,0.0486,-0.1771,0.08
A,2026-07-20,ONDS,ORIGINAL,PREMARKET,07:05,6.66,LMT,6.71,6.71,6.51,0.2,500,0.01,True,07:06,6.71,time,-0.1,0.085,-0.185,0.015
A,2026-07-20,RGNX,ORIGINAL,REGULAR,14:25,10.7,LMT,10.75,10.75,10.25,0.5,200,0.03,True,14:26,10.75,time,-0.42,0.074,-0.494,0.346
A,2026-07-21,IREN,ORIGINAL,REGULAR,13:00,42.13,LMT,42.18,42.18,41.69,0.49,204,0.01,True,13:41,42.18,stop,-1.0,0.0347,-1.0347,2.2918
A,2026-07-21,IREN,IMPROVED,REGULAR,09:51,41.69,STP_LMT,41.69,42.0963,41.2837,0.4063,229,0.03,True,09:51,41.69,stop/stop,-1.0,0.0911,-1.0911,-1.0911
A,2026-07-22,MARA,ORIGINAL,REGULAR,11:10,12.64,LMT,12.69,12.69,12.37,0.32,312,0.01,True,11:10,12.69,time,-0.3594,0.0531,-0.4125,0.3063
A,2026-07-24,LGCL,ORIGINAL,PREMARKET,09:25,1.78,LMT,1.83,1.83,1.54,0.29,344,0.01,True,09:25,1.83,time,-0.3379,0.0586,-0.3966,-1.0586
A,2026-07-27,ORIC,ORIGINAL,REGULAR,12:50,12.43,LMT,12.48,12.48,12.21,0.27,370,0.04,True,12:50,12.48,time,-0.2963,0.1741,-0.4704,0.1222
A,2026-07-27,DFNS,ORIGINAL,REGULAR,12:15,7.24,LMT,7.29,7.29,6.4801,0.8099,123,0.01,False,,,,0,0,0,0
A,2026-07-30,ALOY,ORIGINAL,REGULAR,15:00,8.29,LMT,8.34,8.34,8.06,0.28,357,0.02,False,,,,0,0,0,0
A,2026-07-30,ACHC,ORIGINAL,REGULAR,14:10,27.6887,LMT,27.7387,27.7387,27.5387,0.2,500,0.04,False,,,,0,0,0,0
A,2026-07-30,BTDR,ORIGINAL,REGULAR,12:05,10.865,LMT,10.915,10.915,10.585,0.33,303,0.01,True,12:41,10.915,time,0.0758,0.0515,0.0242,-0.1273
A,2026-07-30,BTDR,IMPROVED,REGULAR,09:35,10.05,STP_LMT,10.05,10.1637,9.9363,0.1137,808,0.01,True,09:35,10.05,target/eod,5.3536,0.1495,5.204,-1.1495
A,2026-08-03,PAR,ORIGINAL,REGULAR,13:15,17.69,LMT,17.74,17.74,17.37,0.37,270,0.03,True,13:16,17.74,time,-0.5946,0.1,-0.6946,0.4946
A,2026-08-04,DDD,ORIGINAL,REGULAR,13:05,3.495,LMT,3.545,3.545,3.345,0.2,500,0.01,True,15:43,3.545,eod,0.075,0.085,-0.01,-0.16
A,2026-08-04,KPTI,ORIGINAL,REGULAR,13:00,2.04,LMT,2.09,2.09,1.89,0.2,500,0.01,True,13:00,2.09,time,-0.37,0.085,-0.455,0.285
A,2026-08-04,KPTI,IMPROVED,REGULAR,09:58,2.04,STP_LMT,2.04,2.1486,1.9314,0.1086,843,0.01,True,09:58,2.04,eod/eod,-0.6446,0.1565,-0.8011,0.488
A,2026-08-04,SBH,ORIGINAL,REGULAR,11:40,16.4,LMT,16.45,16.45,16.12,0.33,303,0.04,True,11:40,16.45,time,0.1818,0.1424,0.0394,-0.3242
A,2026-08-04,LOVE,ORIGINAL,REGULAR,12:30,18,LMT,18.05,18.05,17.79,0.26,384,0.04,True,12:30,18.05,time,0.8846,0.1808,0.7038,-1.1808
B,2026-08-05,TMDX,IMPROVED,REGULAR,15:59,72.5824,STP_LMT,72.5824,72.9444,72.2204,0.362,261,0.02,False,,,,0,0,0,0
A,2026-08-07,CMPX,ORIGINAL,REGULAR,14:10,2.14,LMT,2.19,2.19,1.99,0.2,500,0.01,True,14:10,2.19,time,-0.1,0.085,-0.185,0.015
A,2026-08-07,RUN,ORIGINAL,REGULAR,14:05,10.27,LMT,10.32,10.32,9.945,0.375,266,0.01,True,14:05,10.32,time,-0.12,0.0453,-0.1653,0.0747
A,2026-08-07,RUN,ORIGINAL,PREMARKET,08:35,9.65,LMT,9.7,9.7,9.47,0.23,434,0.01,True,08:35,9.7,time,1.413,0.0739,1.3391,-1.0739
A,2026-08-12,ABEO,ORIGINAL,REGULAR,14:55,7.49,LMT,7.54,7.54,7.305,0.235,425,0.01,True,14:55,7.54,time,-0.617,0.0723,-0.6894,0.5447
A,2026-08-13,OMER,ORIGINAL,PREMARKET,08:50,16.7,LMT,16.75,16.75,16.0115,0.7385,135,0.01,True,09:25,16.75,time,0.0685,0.023,0.0455,-1.023
A,2026-08-14,GO,ORIGINAL,REGULAR,14:25,10.92,LMT,10.97,10.97,10.73,0.24,416,0.02,True,14:25,10.97,time,0.5625,0.1125,0.45,-0.675
A,2026-08-17,SPRY,ORIGINAL,REGULAR,13:50,5.97,LMT,6.02,6.02,5.745,0.275,363,0.01,True,13:59,6.02,time,0.1273,0.0618,0.0655,-0.1891
A,2026-08-20,NTST,ORIGINAL,REGULAR,12:40,20.65,LMT,20.7,20.7,20.5,0.2,500,0.03,True,12:40,20.7,time,-0.2,0.185,-0.385,0.015
A,2026-08-20,CABA,ORIGINAL,REGULAR,13:15,3.095,LMT,3.145,3.145,2.945,0.2,500,0.01,True,13:15,3.145,time,0.05,0.085,-0.035,-0.135
A,2026-08-24,ARCT,ORIGINAL,REGULAR,12:00,13.39,LMT,13.44,13.44,13.105,0.335,298,0.05,False,,,,0,0,0,0
A,2026-08-24,MARA,ORIGINAL,PREMARKET,08:55,11.34,LMT,11.39,11.39,11.05,0.34,294,0.01,True,08:55,11.39,stop,-1.0,0.05,-1.05,0.1706
A,2026-08-24,FLO,ORIGINAL,REGULAR,13:15,7.165,LMT,7.215,7.215,7.015,0.2,500,0.01,True,13:15,7.215,time,-0.15,0.085,-0.235,0.065
A,2026-08-26,KSS,ORIGINAL,REGULAR,14:35,17.77,LMT,17.82,17.82,17.35,0.47,212,0.03,True,15:38,17.82,eod,0.2766,0.0787,0.1979,-0.3553
A,2026-08-31,IREN,ORIGINAL,REGULAR,11:50,36.3896,LMT,36.4396,36.4396,35.485,0.9546,104,0.01,True,11:50,36.4396,time,0.2205,0.0178,0.2027,-0.2383
A,2026-09-03,CHPT,ORIGINAL,REGULAR,12:35,7.91,LMT,7.96,7.96,7.62,0.34,294,0.02,False,,,,0,0,0,0
A,2026-09-03,CHPT,ORIGINAL,PREMARKET,08:45,6.23,LMT,6.28,6.28,6.01,0.27,370,0.04,False,,,,0,0,0,0
A,2026-09-03,VSTM,ORIGINAL,REGULAR,14:00,8.045,LMT,8.095,8.095,7.89,0.205,487,0.01,True,14:00,8.095,time,-0.439,0.0829,-0.522,0.3561
A,2026-09-03,FCEL,ORIGINAL,REGULAR,12:55,14.7,LMT,14.75,14.75,14.2,0.55,181,0.01,True,12:55,14.75,time,-0.0367,0.0309,-0.0676,0.0058
B,2026-09-03,CHPT,ORIGINAL,REGULAR,12:35,7.91,LMT,7.96,7.96,7.62,0.34,294,0.02,False,,,,0,0,0,0
B,2026-09-03,CHPT,ORIGINAL,PREMARKET,08:45,6.23,LMT,6.28,6.28,6.01,0.27,370,0.04,False,,,,0,0,0,0
A,2026-09-10,TRIP,ORIGINAL,REGULAR,12:35,8.745,LMT,8.795,8.795,8.515,0.28,357,0.01,True,12:35,8.795,time,-0.25,0.0607,-0.3107,0.1893
A,2026-09-11,PCT,ORIGINAL,REGULAR,11:10,5.97,LMT,6.02,6.02,5.815,0.205,487,0.01,True,15:58,6.02,eod,-0.0244,0.0829,-0.1073,-0.0585
A,2026-09-11,EBS,ORIGINAL,REGULAR,11:10,6.05,LMT,6.1,6.1,5.885,0.215,465,0.01,True,11:10,6.1,time,0.3721,0.0791,0.293,-1.0791
A,2026-09-14,CMPX,ORIGINAL,REGULAR,12:20,2.03,LMT,2.08,2.08,1.88,0.2,500,0.01,True,12:20,2.08,time,-0.325,0.085,-0.41,0.24
